Job,Status
1_4102021_EPLAS_1,PC6
1_4102021_EPLAS_1,PC6
1_4102021_EPLAS_1,PC6
1_4102021_EPLAS_1,PC6
1_4102021_EPLAS_1,PC6
1_4102021_EPLAS_1,PC6
1_4102021_EPLAS_1,PC6
1_4102021_EPLAS_1,PC6
1_4102021_EPLAS_1,PC6
1_4102021_EPLAS_1,PC6
1_4102021_EPLAS_1,PC6
1_4102021_EPLAS_1,PC6
1_5102021_EPLAS_1,PC6
1_5102021_EPLAS_1,PC6
1_5102021_EPLAS_1,PC6
1_5102021_EPLAS_1,PC6
1_5102021_EPLAS_1,PC6
1_5102021_EPLAS_1,PC6
1_5102021_EPLAS_1,PC6
1_5102021_EPLAS_1,PC6
1_5102021_EPLAS_1,PC6
1_5102021_EPLAS_1,PC6
1_5102021_EPLAS_1,PC6
1_5102021_EPLAS_1,PC6
1_5102021_EPLAS_1,PC6
1_5102021_EPLAS_1,PC6
2_5102021_EPLAS_1,PC6
1_5102021_EPLAS_2,PC6
1_5102021_EPLAS_2,PC6
1_5102021_EPLAS_1,PC6
2_5102021_EPLAS_1,PC6
3_5102021_EPLAS_1,PC6
4_5102021_EPLAS_1,PC6
5_5102021_EPLAS_2,PC6
1_5102021_EPLAS_2,PC6
2_5102021_EPLAS_1,PC6
3_5102021_EPLAS_2,PC6
4_5102021_EPLAS_1,PC6
5_5102021_EPLAS_3,PC6
6_5102021_EPLAS_1,PC6
7_5102021_EPLAS_4,PC6
8_5102021_EPLAS_1,PC6
9_5102021_EPLAS_1,PC6
10_5102021_EPLAS_5,PC6
11_5102021_EPLAS_1,PC6
12_5102021_EPLAS_6,PC6
1_25112021_EPLAS_1,PC6
2_25112021_EPLAS_1,PC6
3_25112021_EPLAS_1,PC6
4_25112021_EPLAS_1,PC5
1_25112021_EPLAS_2,PC5
1_25112021_EPLAS_2,PC5
1_25112021_EPLAS_2,PC5
1_25112021_EPLAS_2,PC5
1_25112021_EPLAS_2,PC5
1_25112021_EPLAS_2,PC5
1_25112021_EPLAS_2,PC5
1_25112021_EPLAS_2,PC5
2_25112021_EPLAS_1,PC5
3_25112021_EPLAS_2,PC5
1_25112021_EPLAS_1,PC5
