wimnetsimulatora,21:15:51
wimnetsimulatora,21:17:17
wimnetsimulatora,21:23:42
wimnetsimulatorc,15:55:15
wimnetsimulatorc,17:50:12
wimnetsimulatorc,17:52:09
wimnetsimulatorc,17:56:11
covid19traintestco,18:00:38
covid19traintestco,18:00:59
convertera,18:06:09
convertera,18:09:38
convertera,18:18:46
apca,19:23:16
apca,19:24:58
apca,19:26:31
bitcoinhhcoina,19:29:59
wimnetsimulatora,19:32:01
mnist,15:48:06
wimnetsimulatora,15:52:01
wimnetsimulatora,13:05:29
wimnetsimulatora,13:06:25
wimnetsimulatora,18:37:40
wimnetsimulatora,17:11:26
wimnetsimulatora,20:40:37
wimnetsimulatora,23:02:02
recurrentnetworka,23:02:12
